CREATE DATABASE  IF NOT EXISTS `sneakpeek` /*!40100 DEFAULT CHARACTER SET utf8mb4 COLLATE utf8mb4_0900_ai_ci */ /*!80016 DEFAULT ENCRYPTION='N' */;
USE `sneakpeek`;
-- MySQL dump 10.13  Distrib 8.0.32, for Win64 (x86_64)
--
-- Host: localhost    Database: sneakpeek
-- ------------------------------------------------------
-- Server version	8.0.32

/*!40101 SET @OLD_CHARACTER_SET_CLIENT=@@CHARACTER_SET_CLIENT */;
/*!40101 SET @OLD_CHARACTER_SET_RESULTS=@@CHARACTER_SET_RESULTS */;
/*!40101 SET @OLD_COLLATION_CONNECTION=@@COLLATION_CONNECTION */;
/*!50503 SET NAMES utf8 */;
/*!40103 SET @OLD_TIME_ZONE=@@TIME_ZONE */;
/*!40103 SET TIME_ZONE='+00:00' */;
/*!40014 SET @OLD_UNIQUE_CHECKS=@@UNIQUE_CHECKS, UNIQUE_CHECKS=0 */;
/*!40014 SET @OLD_FOREIGN_KEY_CHECKS=@@FOREIGN_KEY_CHECKS, FOREIGN_KEY_CHECKS=0 */;
/*!40101 SET @OLD_SQL_MODE=@@SQL_MODE, SQL_MODE='NO_AUTO_VALUE_ON_ZERO' */;
/*!40111 SET @OLD_SQL_NOTES=@@SQL_NOTES, SQL_NOTES=0 */;

--
-- Table structure for table `carts`
--

DROP TABLE IF EXISTS `carts`;
/*!40101 SET @saved_cs_client     = @@character_set_client */;
/*!50503 SET character_set_client = utf8mb4 */;
CREATE TABLE `carts` (
  `Cart_ID` int NOT NULL,
  `Customer_ID` int DEFAULT NULL,
  `Product1` int DEFAULT NULL,
  `Product2` int DEFAULT NULL,
  `Product3` int DEFAULT NULL,
  `Product4` int DEFAULT NULL,
  `Product5` int DEFAULT NULL,
  PRIMARY KEY (`Cart_ID`),
  KEY `Customer_ID` (`Customer_ID`),
  CONSTRAINT `carts_ibfk_1` FOREIGN KEY (`Customer_ID`) REFERENCES `customers` (`Customer_ID`)
) ENGINE=InnoDB DEFAULT CHARSET=utf8mb4 COLLATE=utf8mb4_0900_ai_ci;
/*!40101 SET character_set_client = @saved_cs_client */;

--
-- Dumping data for table `carts`
--

LOCK TABLES `carts` WRITE;
/*!40000 ALTER TABLE `carts` DISABLE KEYS */;
INSERT INTO `carts` VALUES (1,1,111,94,70,86,134),(2,2,79,51,2,110,26),(3,3,137,16,132,39,18),(4,4,109,109,57,93,112),(5,5,5,144,88,15,56),(6,6,76,93,10,145,56),(7,7,137,10,144,62,58),(8,8,69,8,89,138,133),(9,9,34,35,84,119,76),(10,10,119,40,144,96,94),(11,11,74,52,17,12,63),(12,12,39,81,42,45,76),(13,13,43,72,2,17,126),(14,14,146,104,9,142,77),(15,15,129,104,115,98,113),(16,16,133,135,46,65,123),(17,17,44,127,5,73,22),(18,18,38,24,102,149,13),(19,19,96,44,100,110,124),(20,20,35,11,74,85,16),(21,21,21,120,59,24,80),(22,22,81,75,146,61,24),(23,23,57,76,100,10,134),(24,24,41,119,88,136,32),(25,25,46,124,51,80,104),(26,26,6,112,137,12,84),(27,27,148,129,69,11,32),(28,28,122,122,96,102,29),(29,29,66,55,83,94,107),(30,30,86,52,29,16,86),(31,31,87,34,102,116,68),(32,32,25,38,54,81,138),(33,33,114,79,112,28,20),(34,34,19,90,100,42,15),(35,35,52,72,33,137,42),(36,36,18,79,119,43,104),(37,37,3,133,108,17,99),(38,38,76,110,79,140,65),(39,39,79,105,91,121,21),(40,40,48,32,14,81,142),(41,41,3,141,93,74,124),(42,42,23,49,69,67,40),(43,43,46,125,4,116,49),(44,44,60,9,53,89,49),(45,45,50,87,90,149,112),(46,46,54,16,65,92,24),(47,47,60,84,150,35,36),(48,48,36,141,36,20,87),(49,49,139,47,149,5,110),(50,50,65,45,45,82,63),(51,51,73,77,81,61,20),(52,52,140,69,21,3,18),(53,53,104,17,68,72,77),(54,54,135,75,24,86,74),(55,55,17,28,150,146,132),(56,56,12,19,91,143,79),(57,57,29,98,93,69,67),(58,58,59,131,145,11,22),(59,59,1,75,22,14,129),(60,60,94,24,87,127,147),(61,61,57,38,120,51,43),(62,62,68,116,59,2,112),(63,63,104,70,88,108,29),(64,64,25,79,22,119,112),(65,65,135,114,46,31,30),(66,66,8,60,35,135,131),(67,67,53,83,108,138,142),(68,68,54,52,128,141,31),(69,69,96,61,21,104,143),(70,70,35,108,57,2,131),(71,71,32,94,56,107,120),(72,72,134,67,57,47,146),(73,73,55,135,20,24,149),(74,74,8,48,10,127,70),(75,75,139,138,57,123,54),(76,76,60,107,147,126,32),(77,77,137,16,79,117,109),(78,78,51,13,53,49,95),(79,79,75,67,98,120,139),(80,80,54,93,144,80,80),(81,81,126,80,9,54,47),(82,82,8,71,102,129,7),(83,83,90,15,78,19,132),(84,84,50,121,26,107,98),(85,85,61,103,33,58,18),(86,86,41,10,90,47,146),(87,87,121,127,67,39,107),(88,88,34,150,114,71,58),(89,89,46,105,57,132,16),(90,90,68,37,20,148,147),(91,91,107,28,103,27,101),(92,92,116,92,149,69,124),(93,93,83,53,73,108,91),(94,94,114,23,21,131,119),(95,95,97,147,103,12,67),(96,96,127,42,149,58,57),(97,97,57,64,149,88,88),(98,98,93,60,39,100,150),(99,99,111,119,99,143,51),(100,100,142,121,72,118,53),(101,101,50,115,148,103,142),(102,102,93,110,105,15,135),(103,103,5,71,22,100,125),(104,104,138,77,132,131,4),(105,105,17,92,53,85,128),(106,106,87,113,68,109,110),(107,107,67,41,9,50,44),(108,108,68,88,150,90,61),(109,109,46,87,120,47,51),(110,110,22,143,79,89,22),(111,111,57,8,148,96,12),(112,112,95,30,99,33,63),(113,113,134,117,49,118,141),(114,114,146,34,4,134,57),(115,115,85,148,4,4,113),(116,116,79,20,49,98,22),(117,117,84,3,133,136,110),(118,118,17,126,95,105,1),(119,119,93,85,18,41,7),(120,120,142,13,100,128,59),(121,121,81,29,50,141,110),(122,122,116,64,74,68,114),(123,123,120,14,71,28,110),(124,124,92,138,75,39,122),(125,125,93,72,94,93,32),(126,126,133,72,20,6,109),(127,127,110,111,73,98,84),(128,128,46,3,81,57,24),(129,129,145,85,64,148,145),(130,130,2,103,74,127,30),(131,131,51,116,83,74,64),(132,132,68,52,50,9,128),(133,133,127,73,21,84,141),(134,134,36,21,122,51,84),(135,135,18,146,122,11,23),(136,136,63,80,150,6,91),(137,137,104,104,89,55,51),(138,138,97,50,105,120,75),(139,139,36,67,87,98,77),(140,140,56,70,100,8,1),(141,141,52,73,142,46,140),(142,142,52,15,34,82,78),(143,143,50,54,103,17,96),(144,144,144,36,115,43,4),(145,145,52,36,118,132,107),(146,146,113,27,41,19,118),(147,147,139,29,63,68,79),(148,148,127,25,48,142,88),(149,149,46,14,15,120,107),(150,150,122,71,1,89,104),(151,151,106,54,17,111,46),(152,152,24,43,28,124,25),(153,153,61,77,67,1,141),(154,154,54,81,8,10,59),(155,155,111,72,46,38,14),(156,156,8,103,79,96,110),(157,157,78,139,47,148,129),(158,158,121,33,47,44,119),(159,159,123,33,121,39,15),(160,160,81,62,89,107,117),(161,161,21,39,28,127,81),(162,162,82,125,67,65,100),(163,163,49,101,4,147,51),(164,164,44,145,142,15,74),(165,165,108,125,18,4,26),(166,166,63,112,37,72,42),(167,167,149,59,45,62,96),(168,168,2,95,23,63,76),(169,169,36,150,23,150,95),(170,170,3,49,95,146,1),(171,171,71,5,29,102,119),(172,172,103,104,26,75,117),(173,173,9,126,65,111,114),(174,174,142,112,58,109,79),(175,175,89,139,112,18,48),(176,176,42,40,49,93,59),(177,177,75,108,120,94,85),(178,178,48,121,58,127,19),(179,179,130,129,141,51,44),(180,180,30,124,2,65,86),(181,181,106,22,21,138,59),(182,182,79,58,15,134,9),(183,183,13,19,47,135,70),(184,184,33,109,120,88,24),(185,185,150,20,138,31,47),(186,186,70,138,72,38,58),(187,187,96,68,117,75,112),(188,188,85,96,144,73,17),(189,189,81,117,22,132,74),(190,190,77,15,5,89,10),(191,191,143,141,135,65,9),(192,192,138,133,43,115,26),(193,193,127,60,131,42,15),(194,194,142,113,92,107,40),(195,195,51,44,121,30,119),(196,196,56,150,37,61,4),(197,197,103,31,65,50,5),(198,198,136,145,48,41,94),(199,199,40,97,117,120,88),(200,200,107,116,114,138,71),(201,201,146,6,31,138,2),(202,202,52,114,13,80,122),(203,203,137,15,131,119,145),(204,204,22,108,60,60,51),(205,205,94,82,5,132,114),(206,206,37,138,122,99,117),(207,207,147,51,12,71,23),(208,208,93,5,63,50,111),(209,209,118,26,42,102,126),(210,210,80,61,24,138,127),(211,211,52,130,121,142,115),(212,212,60,95,97,117,146),(213,213,22,101,90,45,126),(214,214,29,109,17,16,76),(215,215,10,2,139,121,122),(216,216,50,34,132,88,87),(217,217,80,21,132,115,38),(218,218,139,72,106,29,11),(219,219,120,122,89,30,106),(220,220,12,66,117,57,29),(221,221,69,74,51,97,28),(222,222,92,11,135,130,141),(223,223,69,20,7,130,114),(224,224,52,65,76,42,142),(225,225,100,63,90,39,104),(226,226,144,73,109,117,37),(227,227,63,117,61,83,148),(228,228,119,137,41,62,56),(229,229,69,17,135,76,137),(230,230,13,30,107,14,80),(231,231,10,103,45,19,102),(232,232,81,126,73,130,67),(233,233,136,76,14,32,86),(234,234,8,39,86,46,83),(235,235,27,131,11,27,118),(236,236,104,78,114,1,112),(237,237,49,38,4,115,78),(238,238,83,146,68,28,49),(239,239,147,22,38,50,98),(240,240,23,92,95,115,99),(241,241,63,119,58,58,9),(242,242,131,58,91,128,131),(243,243,31,21,97,23,134),(244,244,89,46,127,84,95),(245,245,125,17,19,85,2),(246,246,137,10,63,116,1),(247,247,44,108,76,36,124),(248,248,54,44,44,23,14),(249,249,135,49,95,45,102),(250,250,12,69,46,131,147),(251,251,72,44,15,76,137);
/*!40000 ALTER TABLE `carts` ENABLE KEYS */;
UNLOCK TABLES;

--
-- Table structure for table `categories`
--

DROP TABLE IF EXISTS `categories`;
/*!40101 SET @saved_cs_client     = @@character_set_client */;
/*!50503 SET character_set_client = utf8mb4 */;
CREATE TABLE `categories` (
  `Category_ID` int NOT NULL,
  `Category_Name` varchar(100) DEFAULT NULL,
  `Category_Discount` int DEFAULT NULL,
  PRIMARY KEY (`Category_ID`)
) ENGINE=InnoDB DEFAULT CHARSET=utf8mb4 COLLATE=utf8mb4_0900_ai_ci;
/*!40101 SET character_set_client = @saved_cs_client */;

--
-- Dumping data for table `categories`
--

LOCK TABLES `categories` WRITE;
/*!40000 ALTER TABLE `categories` DISABLE KEYS */;
INSERT INTO `categories` VALUES (1,'Casual Shoes',20),(2,'Formal Shoes',30),(3,'Sports Shoes',40),(4,'Men Shoes',10),(5,'Women Shoes',10),(6,'Air Jordans',15),(7,'Reebok',35),(8,'Nike',35),(9,'Adidas',0),(10,'Heels',10),(11,'Drip',10),(12,'Hipster',30),(13,'Animal Print',30);
/*!40000 ALTER TABLE `categories` ENABLE KEYS */;
UNLOCK TABLES;

--
-- Table structure for table `customers`
--

DROP TABLE IF EXISTS `customers`;
/*!40101 SET @saved_cs_client     = @@character_set_client */;
/*!50503 SET character_set_client = utf8mb4 */;
CREATE TABLE `customers` (
  `Customer_ID` int NOT NULL,
  `Customer_Name` varchar(100) DEFAULT NULL,
  `Customer_Email` varchar(100) DEFAULT NULL,
  `Customer_Address` varchar(100) DEFAULT NULL,
  `Customer_ContactNumber` varchar(100) DEFAULT NULL,
  PRIMARY KEY (`Customer_ID`)
) ENGINE=InnoDB DEFAULT CHARSET=utf8mb4 COLLATE=utf8mb4_0900_ai_ci;
/*!40101 SET character_set_client = @saved_cs_client */;

--
-- Dumping data for table `customers`
--

LOCK TABLES `customers` WRITE;
/*!40000 ALTER TABLE `customers` DISABLE KEYS */;
INSERT INTO `customers` VALUES (1,'Taddeo Youthed','tyouthed0@wordpress.org','7th Floor','911-909-3967'),(2,'Chicky Nelsey','cnelsey1@cisco.com','PO Box 99735','825-303-9334'),(3,'Audrie Blesdill','ablesdill2@pagesperso-orange.fr','15th Floor','866-683-5286'),(4,'Rickard Cords','rcords3@marriott.com','18th Floor','308-249-1710'),(5,'Nicholas Le Franc','nle4@phpbb.com','Suite 78','370-696-7274'),(6,'Harry Pierro','hpierro5@google.co.uk','Room 1520','569-727-4177'),(7,'Kala Pavlenkov','kpavlenkov6@youku.com','Suite 56','110-410-9756'),(8,'Annaliese Goshawk','agoshawk7@yahoo.co.jp','Room 776','709-610-3956'),(9,'Aggy Speenden','aspeenden8@usatoday.com','20th Floor','576-933-2562'),(10,'Lorry Corry','lcorry9@com.com','Suite 99','557-855-4025'),(11,'Tabby Hymus','thymusa@fema.gov','Suite 41','734-596-8387'),(12,'Fair Boldecke','fboldeckeb@usatoday.com','PO Box 68290','543-522-9928'),(13,'Imojean Kenright','ikenrightc@xrea.com','3rd Floor','315-687-5500'),(14,'Fanechka Birkby','fbirkbyd@jiathis.com','Room 566','756-345-5908'),(15,'Roxy Varnham','rvarnhame@ed.gov','PO Box 58973','321-124-0586'),(16,'Isa Hymers','ihymersf@ebay.com','Suite 3','943-311-8779'),(17,'Gael Seely','gseelyg@nhs.uk','Suite 61','265-643-0651'),(18,'Haroun Brocklebank','hbrocklebankh@hibu.com','PO Box 51335','842-180-5450'),(19,'Yevette Baldocci','ybaldoccii@dmoz.org','Room 482','748-767-2595'),(20,'Frederico Brasher','fbrasherj@pinterest.com','Room 407','539-723-2361'),(21,'Pippo Donald','pdonaldk@tinypic.com','Apt 450','653-524-8790'),(22,'Claudell Nutman','cnutmanl@amazon.co.jp','2nd Floor','900-624-4601'),(23,'Emogene Breston','ebrestonm@gnu.org','Suite 50','352-415-4942'),(24,'Wallis Heath','wheathn@sfgate.com','Room 877','485-388-0394'),(25,'Anastasie Comi','acomio@behance.net','Room 1995','718-917-9971'),(26,'Shayne Venditto','svendittop@amazon.co.jp','PO Box 74701','953-555-5058'),(27,'Perice MacGorrie','pmacgorrieq@gnu.org','Apt 1278','885-405-9006'),(28,'Shirl Abbado','sabbador@wikia.com','Room 459','319-416-3645'),(29,'Maynard Echallie','mechallies@bloglines.com','Suite 36','228-966-8653'),(30,'Ode Wallach','owallacht@usda.gov','Room 479','590-924-4856'),(31,'Idalina Edworthie','iedworthieu@artisteer.com','20th Floor','178-691-1108'),(32,'Daven Verrechia','dverrechiav@gravatar.com','Suite 48','770-803-6796'),(33,'Bennett Chalkly','bchalklyw@arstechnica.com','Apt 1862','502-700-4580'),(34,'Yevette Pighills','ypighillsx@stumbleupon.com','PO Box 27373','254-270-5556'),(35,'Trevar McCrachen','tmccracheny@github.io','Room 1653','799-578-9690'),(36,'Bell Copo','bcopoz@hatena.ne.jp','Apt 1829','924-275-7631'),(37,'Beltran Duckham','bduckham10@flavors.me','4th Floor','156-773-3141'),(38,'Shaun Iacovucci','siacovucci11@nasa.gov','11th Floor','201-732-1098'),(39,'Terrill Gower','tgower12@usatoday.com','Room 1165','304-784-4408'),(40,'Fredelia Paige','fpaige13@umn.edu','Suite 40','610-141-8612'),(41,'Floria Baseke','fbaseke14@mapy.cz','15th Floor','332-585-2122'),(42,'Tierney Branch','tbranch15@canalblog.com','9th Floor','368-241-2326'),(43,'Maressa Witard','mwitard16@prweb.com','Apt 815','330-278-2794'),(44,'Peter Pyle','ppyle17@mac.com','PO Box 72080','273-594-3628'),(45,'Ingram Sandcroft','isandcroft18@tinypic.com','Suite 11','557-835-2638'),(46,'Stinky Biaggetti','sbiaggetti19@scribd.com','Apt 1692','561-810-1492'),(47,'Luella Lacey','llacey1a@goodreads.com','Suite 2','545-614-9370'),(48,'Wiley Althrope','walthrope1b@nhs.uk','Suite 2','527-600-4041'),(49,'Sephira Sodor','ssodor1c@toplist.cz','Suite 40','513-325-5408'),(50,'Boonie Veeler','bveeler1d@hostgator.com','Apt 1594','778-917-1751'),(51,'Cyndie Hounsom','chounsom1e@google.ca','Suite 50','526-883-1096'),(52,'Blane Bowling','bbowling1f@goo.gl','PO Box 68648','699-354-2862'),(53,'Ariel Orneblow','aorneblow1g@ft.com','Suite 65','469-718-8554'),(54,'Sella Iston','siston1h@freewebs.com','Room 1657','630-211-5311'),(55,'Gorden Pitkethly','gpitkethly1i@tumblr.com','17th Floor','261-818-3124'),(56,'Hugo Parram','hparram1j@squidoo.com','PO Box 92268','363-393-8611'),(57,'Loleta Doud','ldoud1k@addtoany.com','Suite 84','980-447-8972'),(58,'Brannon Matignon','bmatignon1l@cam.ac.uk','Room 639','267-132-2236'),(59,'Scott Costelow','scostelow1m@networksolutions.com','Room 1318','940-810-8990'),(60,'Annabela Munslow','amunslow1n@google.it','PO Box 52649','253-456-1705'),(61,'Dalia Boutwell','dboutwell1o@ibm.com','16th Floor','946-653-0117'),(62,'Catherine McQuarter','cmcquarter1p@smh.com.au','Room 39','534-658-4617'),(63,'Mollie Buckberry','mbuckberry1q@princeton.edu','Suite 10','252-434-4205'),(64,'Neill Barnwill','nbarnwill1r@tinypic.com','PO Box 82679','424-686-5176'),(65,'Galvan Gonsalvez','ggonsalvez1s@hexun.com','Apt 832','303-449-0145'),(66,'Duane Micklem','dmicklem1t@rakuten.co.jp','Room 124','419-208-1239'),(67,'Bernita Szymanek','bszymanek1u@chron.com','PO Box 20668','391-335-2813'),(68,'Heddie Falkner','hfalkner1v@smh.com.au','16th Floor','719-790-8230'),(69,'Katharyn Mangeon','kmangeon1w@biblegateway.com','Suite 92','847-285-5458'),(70,'Jo Cejka','jcejka1x@state.gov','Apt 1772','802-459-8687'),(71,'Heinrik Gaynor','hgaynor1y@mayoclinic.com','PO Box 67814','431-219-0962'),(72,'Ilsa Zammitt','izammitt1z@yolasite.com','Suite 93','555-813-6699'),(73,'Nolan Ridel','nridel20@cdbaby.com','Suite 65','630-589-8302'),(74,'Wilton Devonside','wdevonside21@loc.gov','PO Box 56049','917-942-6794'),(75,'Jewel Beadnall','jbeadnall22@skyrock.com','Suite 61','653-152-0783'),(76,'Kalvin Byrd','kbyrd23@topsy.com','18th Floor','652-344-8547'),(77,'Bennie Bonnor','bbonnor24@instagram.com','Apt 1909','929-890-3162'),(78,'Mill Bram','mbram25@wiley.com','Apt 1556','689-928-5008'),(79,'Siobhan MacAlroy','smacalroy26@reuters.com','20th Floor','387-760-7783'),(80,'Nerty Bridgstock','nbridgstock27@jugem.jp','Room 270','329-486-2698'),(81,'Jamie Sercombe','jsercombe28@telegraph.co.uk','PO Box 61661','432-545-1528'),(82,'Raimondo Lipscombe','rlipscombe29@twitter.com','Apt 1558','546-582-5792'),(83,'David Cutten','dcutten2a@facebook.com','PO Box 58599','912-292-2805'),(84,'Karrah Aistrop','kaistrop2b@booking.com','Apt 351','365-274-5844'),(85,'Bernita Sundin','bsundin2c@addthis.com','Room 331','675-255-8410'),(86,'Rafaello Frisdick','rfrisdick2d@about.me','7th Floor','232-164-6374'),(87,'Andres Cosgrove','acosgrove2e@cam.ac.uk','PO Box 79662','405-418-8279'),(88,'Byran Vallance','bvallance2f@typepad.com','Room 704','523-844-9883'),(89,'Noby Meegan','nmeegan2g@house.gov','Suite 9','727-397-8611'),(90,'Darwin Windrus','dwindrus2h@mozilla.com','Apt 1045','413-241-7871'),(91,'Hynda Maughan','hmaughan2i@myspace.com','12th Floor','829-388-4476'),(92,'Willamina Sergison','wsergison2j@kickstarter.com','Room 1992','671-397-9395'),(93,'Courtney Chamberlen','cchamberlen2k@whitehouse.gov','10th Floor','516-149-5742'),(94,'Winonah Dominico','wdominico2l@discuz.net','5th Floor','674-460-1783'),(95,'Denna Bawme','dbawme2m@google.com.au','Room 16','569-513-7481'),(96,'Iain Clever','iclever2n@dion.ne.jp','Suite 36','764-827-6704'),(97,'Boot Upfold','bupfold2o@bizjournals.com','PO Box 39725','687-641-4100'),(98,'Vernon Parlor','vparlor2p@guardian.co.uk','Suite 79','919-568-8846'),(99,'Marni Cuphus','mcuphus2q@kickstarter.com','Apt 945','566-385-9195'),(100,'Lazare McSaul','lmcsaul2r@ox.ac.uk','Room 920','800-266-8432'),(101,'Alyssa Stockman','astockman2s@plala.or.jp','10th Floor','922-431-0312'),(102,'Anneliese Lydiate','alydiate2t@addthis.com','2nd Floor','840-784-1165'),(103,'Dawn Byrnes','dbyrnes2u@dailymotion.com','Room 1791','559-517-5286'),(104,'Herc Guiraud','hguiraud2v@posterous.com','11th Floor','739-146-2644'),(105,'Ryun Ramshaw','rramshaw2w@microsoft.com','Apt 1856','800-329-7377'),(106,'Theodosia Fomichkin','tfomichkin2x@sogou.com','4th Floor','815-648-2909'),(107,'Jo-ann McBrearty','jmcbrearty2y@europa.eu','8th Floor','159-417-7328'),(108,'Suzie Goodswen','sgoodswen2z@squarespace.com','Apt 1750','937-939-2587'),(109,'Husein Crinson','hcrinson30@ow.ly','Suite 27','412-616-9560'),(110,'Valencia Davidai','vdavidai31@yandex.ru','PO Box 60544','348-402-4290'),(111,'Darb Grotty','dgrotty32@pcworld.com','Suite 92','328-169-4244'),(112,'Pia McVeigh','pmcveigh33@twitpic.com','18th Floor','905-232-1105'),(113,'Jasper Larkings','jlarkings34@hubpages.com','PO Box 20826','607-294-1181'),(114,'Artemas Hynes','ahynes35@springer.com','Room 987','915-639-4209'),(115,'Lana Dicken','ldicken36@reference.com','Suite 80','345-979-6301'),(116,'Rosella Fryd','rfryd37@oakley.com','PO Box 14421','765-908-2109'),(117,'Layne Sleightholme','lsleightholme38@discuz.net','PO Box 8343','257-623-1815'),(118,'Myer Knott','mknott39@epa.gov','Room 1561','745-644-6866'),(119,'Rafaela Sigars','rsigars3a@whitehouse.gov','Apt 506','382-322-6413'),(120,'Donnie Fechnie','dfechnie3b@google.it','Suite 17','228-829-9815'),(121,'Ula Balham','ubalham3c@examiner.com','1st Floor','387-956-5754'),(122,'Carrol Hughill','chughill3d@epa.gov','PO Box 94788','393-420-0022'),(123,'Katrine Runcieman','kruncieman3e@ca.gov','Room 1777','375-605-8606'),(124,'Alexis Driuzzi','adriuzzi3f@amazon.com','Room 1525','315-752-9411'),(125,'Diannne Craddock','dcraddock3g@redcross.org','Apt 1173','376-276-8973'),(126,'Ambrosio Maytum','amaytum3h@hubpages.com','Suite 40','140-665-3940'),(127,'Ryann Barry','rbarry3i@squarespace.com','Room 1361','870-737-1125'),(128,'Charo Lightning','clightning3j@tuttocitta.it','Suite 51','466-635-8519'),(129,'Bernadine Broinlich','bbroinlich3k@utexas.edu','Room 1836','392-149-7272'),(130,'Karleen Whitney','kwhitney3l@squarespace.com','Apt 1066','578-195-1934'),(131,'Carroll Deakin','cdeakin3m@domainmarket.com','Apt 1215','316-677-3044'),(132,'Dixie Drance','ddrance3n@forbes.com','Room 1075','240-488-0346'),(133,'Nollie Swanbourne','nswanbourne3o@tinyurl.com','Room 94','564-164-8895'),(134,'Shalne Allberry','sallberry3p@theglobeandmail.com','15th Floor','109-901-6163'),(135,'Ange Gatland','agatland3q@reverbnation.com','5th Floor','859-377-7372'),(136,'Boyce Zuppa','bzuppa3r@unesco.org','10th Floor','127-282-6071'),(137,'Lorne McClurg','lmcclurg3s@yahoo.co.jp','18th Floor','857-104-1649'),(138,'Beverlie Cutchie','bcutchie3t@google.pl','Room 1420','252-663-8629'),(139,'Daloris Izkovici','dizkovici3u@state.gov','Suite 81','255-627-0929'),(140,'Javier Vassie','jvassie3v@timesonline.co.uk','Suite 4','992-779-5223'),(141,'Huey Piatek','hpiatek3w@narod.ru','Apt 1955','272-491-4376'),(142,'Ollie Wreight','owreight3x@wikispaces.com','Room 1052','176-279-0182'),(143,'Andra Rippon','arippon3y@slate.com','PO Box 67771','112-458-4007'),(144,'Maynord Pedroli','mpedroli3z@ebay.co.uk','PO Box 71276','810-926-0238'),(145,'Theresa Lumb','tlumb40@virginia.edu','PO Box 7299','191-487-8774'),(146,'Claudian Alwell','calwell41@photobucket.com','Suite 61','994-822-9914'),(147,'Rich Detheridge','rdetheridge42@paginegialle.it','Apt 863','761-972-2220'),(148,'Cordula Sansbury','csansbury43@google.it','Suite 69','938-937-1776'),(149,'Bone Midgely','bmidgely44@dailymotion.com','7th Floor','888-837-6773'),(150,'Wilmette Graves','wgraves45@goo.ne.jp','Suite 65','698-887-2440'),(151,'Israel Pounds','ipounds46@telegraph.co.uk','Room 1483','704-323-2721'),(152,'Dmitri Soldan','dsoldan47@cocolog-nifty.com','Apt 742','656-227-5382'),(153,'Herve Lichtfoth','hlichtfoth48@gravatar.com','PO Box 6724','768-157-6170'),(154,'Celle Linzee','clinzee49@oaic.gov.au','Room 1025','825-959-0481'),(155,'Margarita Seakings','mseakings4a@ameblo.jp','6th Floor','912-812-7389'),(156,'Roman Brayne','rbrayne4b@samsung.com','PO Box 36255','314-551-2836'),(157,'Lem Salleir','lsalleir4c@taobao.com','Apt 189','388-463-9080'),(158,'Zarah Battershall','zbattershall4d@facebook.com','Room 435','804-921-5828'),(159,'Ranice Tustin','rtustin4e@woothemes.com','Room 922','667-458-5344'),(160,'Cobby Kynton','ckynton4f@sphinn.com','PO Box 45236','796-195-8658'),(161,'Maggee Oldcroft','moldcroft4g@prweb.com','Room 902','363-345-2919'),(162,'Reinold Benduhn','rbenduhn4h@redcross.org','Suite 36','222-593-2287'),(163,'Lidia Aloshikin','laloshikin4i@qq.com','Room 1375','993-612-4736'),(164,'Gusty Sorrill','gsorrill4j@elpais.com','16th Floor','868-953-8351'),(165,'Christian Babber','cbabber4k@kickstarter.com','1st Floor','563-225-1169'),(166,'Stevana McCudden','smccudden4l@imageshack.us','Room 382','725-615-9644'),(167,'Kylie Durtnel','kdurtnel4m@msu.edu','PO Box 41119','790-525-0938'),(168,'Stillman Underwood','sunderwood4n@bluehost.com','Suite 98','870-422-3058'),(169,'Rori Drivers','rdrivers4o@archive.org','Suite 69','773-522-2012'),(170,'Lin Oade','loade4p@reference.com','1st Floor','918-330-5699'),(171,'Katharyn Bee','kbee4q@usgs.gov','Apt 1737','354-677-4261'),(172,'Sarah MacKey','smackey4r@quantcast.com','Apt 1686','445-268-8956'),(173,'Alfonse Baxster','abaxster4s@earthlink.net','Suite 39','271-451-7186'),(174,'Dianemarie Camerana','dcamerana4t@sciencedirect.com','Suite 23','580-560-4279'),(175,'Ernst Marsh','emarsh4u@indiegogo.com','Suite 14','364-581-6867'),(176,'Orel Luton','oluton4v@adobe.com','PO Box 40100','797-628-4320'),(177,'Lonni Parradine','lparradine4w@youtu.be','Suite 21','150-321-3729'),(178,'Lane Cleeves','lcleeves4x@yahoo.com','Room 335','962-855-9545'),(179,'Timothea Vearncombe','tvearncombe4y@sogou.com','4th Floor','686-771-2044'),(180,'Suki Elijahu','selijahu4z@marriott.com','7th Floor','488-885-8587'),(181,'Gert Scherme','gscherme50@mapy.cz','7th Floor','989-860-0350'),(182,'Kellia Smaridge','ksmaridge51@mysql.com','Room 1976','328-247-4933'),(183,'Neda Merriott','nmerriott52@google.pl','Suite 56','479-118-6019'),(184,'Nick Haworth','nhaworth53@time.com','Room 672','745-450-7886'),(185,'Enrique McColm','emccolm54@cam.ac.uk','PO Box 22606','275-127-8759'),(186,'Meryl O\'Mullally','momullally55@t.co','Room 709','421-133-7955'),(187,'Andromache Witling','awitling56@cdbaby.com','Apt 479','523-248-5273'),(188,'Charlotta Titcumb','ctitcumb57@washingtonpost.com','Room 792','158-777-9857'),(189,'Currey Harbidge','charbidge58@accuweather.com','Suite 76','746-412-1054'),(190,'Vernen Budd','vbudd59@netlog.com','Suite 74','573-270-3645'),(191,'Jarrid Bownde','jbownde5a@microsoft.com','PO Box 82413','953-961-7326'),(192,'Nada O\'Downe','nodowne5b@geocities.com','Apt 741','496-172-2440'),(193,'Whit Clohisey','wclohisey5c@techcrunch.com','Suite 99','770-265-6029'),(194,'Cariotta Rouby','crouby5d@ucla.edu','PO Box 84013','363-831-1038'),(195,'Lind Brummitt','lbrummitt5e@unblog.fr','Apt 439','894-574-6421'),(196,'Loralee McSherry','lmcsherry5f@people.com.cn','PO Box 15601','627-938-2448'),(197,'Ranee Ebdin','rebdin5g@php.net','Apt 12','746-122-5201'),(198,'Alexa Yeeles','ayeeles5h@alexa.com','11th Floor','924-743-5689'),(199,'Shandra Rosso','srosso5i@liveinternet.ru','12th Floor','416-274-8172'),(200,'Davon Couve','dcouve5j@businessinsider.com','Apt 845','814-617-4030'),(201,'Addie Jenk','ajenk5k@psu.edu','PO Box 45842','276-269-9151'),(202,'Tamma Antrag','tantrag5l@admin.ch','14th Floor','115-649-7522'),(203,'Maiga Hunter','mhunter5m@skyrock.com','15th Floor','457-601-7460'),(204,'Alejoa Sarsfield','asarsfield5n@youku.com','Suite 76','604-482-2508'),(205,'Kareem Plews','kplews5o@irs.gov','PO Box 62399','359-938-1642'),(206,'Else Young','eyoung5p@weebly.com','Suite 22','773-956-2851'),(207,'Herbert Skuse','hskuse5q@cpanel.net','Apt 1370','714-721-5268'),(208,'Tammie Indge','tindge5r@salon.com','Room 46','912-816-4816'),(209,'Arte Santo','asanto5s@etsy.com','Room 1367','811-370-7305'),(210,'Orlando Brigstock','obrigstock5t@github.io','Suite 7','818-127-2102'),(211,'Candy Semeradova','csemeradova5u@about.me','PO Box 43996','559-942-4633'),(212,'Kara-lynn Grestie','kgrestie5v@house.gov','Suite 55','381-919-3115'),(213,'Anallese Magnar','amagnar5w@tinypic.com','Apt 227','861-108-9571'),(214,'Steffie Gallafant','sgallafant5x@360.cn','Apt 873','418-706-1740'),(215,'Elvera Edser','eedser5y@php.net','PO Box 98993','580-831-3896'),(216,'Devlen Hawkswood','dhawkswood5z@princeton.edu','PO Box 93976','107-789-8442'),(217,'Johnnie Lebond','jlebond60@stanford.edu','PO Box 99425','949-672-5864'),(218,'Delmore Arnaud','darnaud61@census.gov','Apt 610','688-438-1057'),(219,'Roddie Hyndson','rhyndson62@state.tx.us','PO Box 97507','545-453-9622'),(220,'Karrah Jelfs','kjelfs63@csmonitor.com','Suite 54','474-398-2870'),(221,'Arnoldo Rowlinson','arowlinson64@comcast.net','Apt 970','395-925-2111'),(222,'Selig Killford','skillford65@homestead.com','4th Floor','770-341-8252'),(223,'Antonina Poytress','apoytress66@earthlink.net','6th Floor','495-285-7327'),(224,'Tiffy Melmore','tmelmore67@dion.ne.jp','8th Floor','790-193-3270'),(225,'Tamas Pogosian','tpogosian68@1688.com','Room 102','178-207-8115'),(226,'Henriette Hellin','hhellin69@paginegialle.it','Room 665','592-427-5468'),(227,'Meggie Davison','mdavison6a@jigsy.com','PO Box 9347','928-971-6462'),(228,'Cassey Azemar','cazemar6b@stumbleupon.com','Suite 66','893-295-0592'),(229,'Lyndsie Ussher','lussher6c@washington.edu','Apt 1139','256-554-3308'),(230,'Alla Daye','adaye6d@unblog.fr','Room 1439','949-697-3040'),(231,'Magdalen Faro','mfaro6e@purevolume.com','PO Box 27086','847-353-8932'),(232,'Jerad Tailour','jtailour6f@macromedia.com','Room 1431','678-884-9383'),(233,'Edith Jacomb','ejacomb6g@people.com.cn','Suite 83','337-599-6874'),(234,'Nerita Macenzy','nmacenzy6h@meetup.com','PO Box 33702','940-888-2293'),(235,'Linnea Gilmour','lgilmour6i@nih.gov','5th Floor','128-690-3297'),(236,'Jeni Seagood','jseagood6j@mlb.com','PO Box 44165','753-452-3046'),(237,'Peggie MacKeague','pmackeague6k@printfriendly.com','PO Box 32034','170-641-0597'),(238,'Kelby McGuffie','kmcguffie6l@eepurl.com','Room 979','635-119-8188'),(239,'Margalo Halfhide','mhalfhide6m@vistaprint.com','Suite 83','116-804-6367'),(240,'Joelie Howbrook','jhowbrook6n@dropbox.com','8th Floor','238-955-9779'),(241,'Jacquetta Petteford','jpetteford6o@squidoo.com','Apt 1985','576-935-8111'),(242,'Basilius Chatband','bchatband6p@techcrunch.com','Suite 48','492-796-6711'),(243,'Gerhardine Fasset','gfasset6q@cdbaby.com','3rd Floor','768-534-0606'),(244,'Base Summerley','bsummerley6r@is.gd','Room 776','902-315-0932'),(245,'Tonya Weems','tweems6s@github.com','15th Floor','299-687-7065'),(246,'Ogdan McKeeman','omckeeman6t@arstechnica.com','Room 645','655-245-6762'),(247,'Daria Hars','dhars6u@deviantart.com','Apt 1813','851-116-8257'),(248,'Happy Craigmyle','hcraigmyle6v@amazon.de','Suite 75','442-239-0076'),(249,'Garfield Muirden','gmuirden6w@bizjournals.com','Room 645','739-424-5411'),(250,'Cyrus Scorah','cscorah6x@google.co.uk','PO Box 74916','645-910-2306'),(251,'Grace Fincher','gfincher6y@auda.org.au','Room 870','663-370-6672');
/*!40000 ALTER TABLE `customers` ENABLE KEYS */;
UNLOCK TABLES;

--
-- Table structure for table `deliveries`
--

DROP TABLE IF EXISTS `deliveries`;
/*!40101 SET @saved_cs_client     = @@character_set_client */;
/*!50503 SET character_set_client = utf8mb4 */;
CREATE TABLE `deliveries` (
  `Delivery_ID` int NOT NULL,
  `Delivery_Status` int DEFAULT NULL,
  `Delivery_Date` varchar(100) DEFAULT NULL,
  PRIMARY KEY (`Delivery_ID`)
) ENGINE=InnoDB DEFAULT CHARSET=utf8mb4 COLLATE=utf8mb4_0900_ai_ci;
/*!40101 SET character_set_client = @saved_cs_client */;

--
-- Dumping data for table `deliveries`
--

LOCK TABLES `deliveries` WRITE;
/*!40000 ALTER TABLE `deliveries` DISABLE KEYS */;
INSERT INTO `deliveries` VALUES (1,5,'14/08/2022'),(2,3,'31/08/2022'),(3,1,'26/07/2022'),(4,5,'20/02/2022'),(5,5,'25/03/2022'),(6,4,'20/08/2022'),(7,2,'09/01/2023'),(8,3,'17/02/2022'),(9,3,'21/02/2022'),(10,1,'06/08/2022'),(11,5,'28/01/2023'),(12,2,'09/01/2023'),(13,3,'12/02/2022'),(14,4,'28/05/2022'),(15,5,'05/05/2022'),(16,1,'24/12/2022'),(17,1,'03/03/2022'),(18,5,'17/04/2022'),(19,5,'24/08/2022'),(20,4,'20/04/2023'),(21,2,'30/05/2022'),(22,3,'29/06/2022'),(23,3,'18/06/2022'),(24,5,'12/09/2022'),(25,3,'12/08/2022'),(26,2,'05/04/2023'),(27,2,'07/08/2022'),(28,1,'06/11/2022'),(29,5,'17/04/2023'),(30,4,'23/01/2023'),(31,3,'09/07/2022'),(32,1,'04/07/2022'),(33,5,'10/08/2022'),(34,3,'30/11/2022'),(35,3,'31/07/2022'),(36,4,'02/12/2022'),(37,5,'20/09/2022'),(38,1,'28/02/2023'),(39,4,'28/07/2022'),(40,1,'14/03/2022'),(41,4,'17/08/2022'),(42,4,'05/03/2022'),(43,4,'02/08/2022'),(44,1,'10/12/2022'),(45,5,'20/11/2022'),(46,3,'09/12/2022'),(47,4,'15/05/2023'),(48,5,'12/06/2022'),(49,1,'26/07/2022'),(50,4,'18/12/2022'),(51,3,'18/12/2022'),(52,3,'30/04/2023'),(53,5,'22/02/2022'),(54,3,'09/04/2023'),(55,3,'25/11/2022'),(56,4,'19/01/2023'),(57,3,'01/07/2022'),(58,2,'26/03/2023'),(59,1,'12/02/2022'),(60,3,'28/03/2022'),(61,1,'23/07/2022'),(62,5,'07/03/2023'),(63,1,'19/03/2022'),(64,3,'12/01/2023'),(65,1,'13/03/2023'),(66,5,'16/06/2022'),(67,5,'09/07/2022'),(68,1,'16/04/2022'),(69,4,'11/04/2022'),(70,5,'09/12/2022'),(71,5,'04/09/2022'),(72,2,'26/06/2022'),(73,1,'26/09/2022'),(74,3,'17/04/2022'),(75,5,'29/07/2022'),(76,3,'15/07/2022'),(77,5,'26/01/2023'),(78,2,'12/03/2022'),(79,5,'14/11/2022'),(80,1,'31/05/2022'),(81,1,'09/07/2022'),(82,1,'03/04/2023'),(83,4,'11/04/2022'),(84,3,'04/12/2022'),(85,2,'11/07/2022'),(86,3,'06/06/2022'),(87,2,'27/11/2022'),(88,4,'25/04/2022'),(89,5,'10/08/2022'),(90,5,'11/09/2022'),(91,3,'12/04/2023'),(92,3,'27/04/2022'),(93,2,'01/02/2023'),(94,2,'31/10/2022'),(95,4,'29/07/2022'),(96,4,'17/02/2022'),(97,5,'25/11/2022'),(98,4,'06/05/2023'),(99,1,'09/04/2022'),(100,4,'18/03/2022'),(101,3,'07/12/2022'),(102,4,'12/04/2023'),(103,3,'06/05/2023'),(104,3,'27/11/2022'),(105,4,'02/06/2022'),(106,4,'11/03/2022'),(107,4,'26/01/2023'),(108,1,'15/10/2022'),(109,4,'06/01/2023'),(110,3,'04/02/2023'),(111,5,'15/12/2022'),(112,5,'17/04/2022'),(113,4,'03/01/2023'),(114,2,'15/01/2023'),(115,1,'12/04/2022'),(116,2,'18/01/2023'),(117,1,'21/04/2023'),(118,1,'28/03/2022'),(119,3,'03/10/2022'),(120,2,'16/06/2022'),(121,5,'04/04/2022'),(122,2,'31/08/2022'),(123,3,'04/02/2023'),(124,3,'30/07/2022'),(125,2,'08/03/2023'),(126,2,'20/09/2022'),(127,2,'15/01/2023'),(128,1,'09/08/2022'),(129,5,'24/04/2023'),(130,4,'03/06/2022'),(131,2,'05/04/2023'),(132,5,'16/08/2022'),(133,1,'11/08/2022'),(134,1,'03/05/2023'),(135,4,'20/04/2022'),(136,4,'26/12/2022'),(137,1,'05/01/2023'),(138,4,'04/05/2022'),(139,1,'03/02/2023'),(140,1,'09/10/2022'),(141,1,'08/09/2022'),(142,3,'11/02/2022'),(143,1,'28/04/2023'),(144,1,'04/03/2023'),(145,4,'18/02/2022'),(146,5,'11/02/2023'),(147,2,'20/02/2023'),(148,3,'12/04/2022'),(149,4,'14/07/2022'),(150,4,'30/03/2023'),(151,2,'08/04/2023'),(152,2,'21/10/2022'),(153,2,'12/02/2023'),(154,5,'25/06/2022'),(155,1,'08/06/2022'),(156,2,'12/12/2022'),(157,2,'16/07/2022'),(158,3,'27/04/2023'),(159,3,'06/12/2022'),(160,4,'09/03/2023'),(161,3,'20/04/2022'),(162,1,'23/10/2022'),(163,2,'09/10/2022'),(164,3,'01/11/2022'),(165,1,'18/02/2023'),(166,3,'25/04/2023'),(167,2,'26/04/2022'),(168,1,'11/03/2023'),(169,1,'17/08/2022'),(170,2,'31/08/2022'),(171,2,'25/07/2022'),(172,3,'10/07/2022'),(173,5,'22/01/2023'),(174,3,'25/02/2023'),(175,3,'20/05/2022'),(176,4,'11/03/2022'),(177,3,'17/03/2022'),(178,5,'28/05/2022'),(179,5,'31/03/2022'),(180,3,'09/07/2022'),(181,2,'15/08/2022'),(182,3,'23/02/2022'),(183,3,'15/11/2022'),(184,5,'11/11/2022'),(185,4,'11/04/2023'),(186,3,'19/03/2022'),(187,1,'28/04/2023'),(188,5,'18/07/2022'),(189,4,'19/03/2023'),(190,4,'06/03/2023'),(191,4,'08/03/2022'),(192,5,'16/11/2022'),(193,5,'14/06/2022'),(194,4,'25/04/2022'),(195,3,'21/03/2022'),(196,1,'25/03/2022'),(197,4,'18/05/2023'),(198,4,'01/10/2022'),(199,5,'07/01/2023'),(200,2,'19/03/2022'),(201,4,'24/01/2023'),(202,1,'23/05/2022'),(203,5,'17/10/2022'),(204,4,'12/12/2022'),(205,3,'10/12/2022'),(206,3,'11/03/2023'),(207,2,'13/09/2022'),(208,3,'19/04/2023'),(209,4,'19/03/2023'),(210,5,'15/04/2022'),(211,5,'14/04/2022'),(212,2,'14/12/2022'),(213,3,'08/04/2023');
/*!40000 ALTER TABLE `deliveries` ENABLE KEYS */;
UNLOCK TABLES;

--
-- Table structure for table `orders`
--

DROP TABLE IF EXISTS `orders`;
/*!40101 SET @saved_cs_client     = @@character_set_client */;
/*!50503 SET character_set_client = utf8mb4 */;
CREATE TABLE `orders` (
  `Order_ID` int NOT NULL,
  `Order_Date` varchar(100) DEFAULT NULL,
  `Cart_ID` int DEFAULT NULL,
  PRIMARY KEY (`Order_ID`),
  KEY `Cart_ID` (`Cart_ID`),
  CONSTRAINT `orders_ibfk_1` FOREIGN KEY (`Cart_ID`) REFERENCES `carts` (`Cart_ID`)
) ENGINE=InnoDB DEFAULT CHARSET=utf8mb4 COLLATE=utf8mb4_0900_ai_ci;
/*!40101 SET character_set_client = @saved_cs_client */;

--
-- Dumping data for table `orders`
--

LOCK TABLES `orders` WRITE;
/*!40000 ALTER TABLE `orders` DISABLE KEYS */;
INSERT INTO `orders` VALUES (1,'10/05/2023',160),(2,'10/09/2022',198),(3,'10/05/2023',241),(4,'08/03/2022',137),(5,'11/07/2022',75),(6,'19/01/2023',191),(7,'30/07/2022',210),(8,'06/04/2022',67),(9,'15/04/2022',245),(10,'03/12/2022',11),(11,'30/12/2022',58),(12,'09/05/2022',100),(13,'10/04/2022',49),(14,'11/07/2022',131),(15,'14/05/2022',134),(16,'04/07/2022',49),(17,'21/10/2022',14),(18,'16/01/2023',220),(19,'02/06/2022',59),(20,'16/11/2022',88),(21,'04/06/2022',65),(22,'28/01/2023',98),(23,'03/05/2023',226),(24,'27/11/2022',224),(25,'10/03/2023',204),(26,'06/01/2023',23),(27,'17/06/2022',63),(28,'14/09/2022',90),(29,'23/07/2022',95),(30,'24/02/2022',117),(31,'17/11/2022',142),(32,'14/06/2022',199),(33,'15/01/2023',150),(34,'21/10/2022',251),(35,'17/09/2022',14),(36,'21/01/2023',160),(37,'16/07/2022',18),(38,'02/03/2023',248),(39,'15/02/2022',147),(40,'21/12/2022',132),(41,'14/07/2022',127),(42,'30/12/2022',31),(43,'08/06/2022',145),(44,'29/05/2022',163),(45,'16/04/2023',183),(46,'16/12/2022',112),(47,'04/02/2023',119),(48,'08/05/2022',239),(49,'21/02/2022',36),(50,'11/07/2022',44),(51,'02/05/2023',48),(52,'19/05/2022',79),(53,'03/11/2022',45),(54,'17/10/2022',131),(55,'20/03/2022',70),(56,'10/04/2023',229),(57,'15/08/2022',178),(58,'09/06/2022',202),(59,'21/02/2022',143),(60,'30/04/2022',138),(61,'13/04/2023',50),(62,'22/06/2022',81),(63,'08/10/2022',221),(64,'28/03/2022',21),(65,'18/11/2022',5),(66,'02/11/2022',141),(67,'08/10/2022',95),(68,'01/10/2022',237),(69,'21/05/2022',140),(70,'06/01/2023',156),(71,'05/12/2022',157),(72,'22/05/2022',150),(73,'24/10/2022',81),(74,'13/09/2022',57),(75,'04/06/2022',182),(76,'23/12/2022',224),(77,'07/02/2023',175),(78,'25/03/2022',238),(79,'14/03/2023',32),(80,'27/01/2023',196),(81,'22/06/2022',6),(82,'25/03/2022',157),(83,'09/12/2022',18),(84,'21/04/2022',23),(85,'24/09/2022',15),(86,'07/05/2022',78),(87,'09/03/2023',53),(88,'10/01/2023',115),(89,'07/04/2023',155),(90,'03/03/2023',23),(91,'09/02/2023',67),(92,'03/06/2022',223),(93,'30/12/2022',43),(94,'08/04/2022',157),(95,'27/10/2022',32),(96,'12/05/2023',186),(97,'23/09/2022',169),(98,'15/05/2022',119),(99,'14/12/2022',242),(100,'09/01/2023',144),(101,'15/04/2023',204),(102,'22/08/2022',126),(103,'30/09/2022',179),(104,'13/09/2022',45),(105,'26/03/2022',177),(106,'11/06/2022',55),(107,'22/02/2022',117),(108,'13/06/2022',173),(109,'03/08/2022',211),(110,'24/01/2023',73),(111,'24/08/2022',72),(112,'02/04/2022',6),(113,'21/01/2023',45),(114,'22/10/2022',60),(115,'24/03/2023',244),(116,'20/01/2023',121),(117,'31/08/2022',12),(118,'06/05/2023',172),(119,'06/10/2022',54),(120,'04/03/2023',6),(121,'16/07/2022',218),(122,'03/12/2022',15),(123,'17/02/2023',127),(124,'15/04/2022',129),(125,'07/09/2022',225),(126,'28/04/2022',50),(127,'23/11/2022',71),(128,'24/07/2022',149),(129,'09/10/2022',98),(130,'15/03/2022',76),(131,'21/10/2022',106),(132,'22/12/2022',113),(133,'13/04/2023',138),(134,'10/05/2023',33),(135,'01/03/2023',18),(136,'06/04/2022',53),(137,'03/03/2022',109),(138,'26/07/2022',81),(139,'19/12/2022',150),(140,'08/12/2022',49),(141,'14/04/2022',214),(142,'16/08/2022',147),(143,'11/02/2023',89),(144,'03/09/2022',171),(145,'22/07/2022',88),(146,'17/02/2022',168),(147,'15/08/2022',224),(148,'06/07/2022',135),(149,'20/10/2022',13),(150,'27/10/2022',70),(151,'10/12/2022',58),(152,'31/07/2022',58),(153,'19/02/2022',89),(154,'27/06/2022',139),(155,'04/07/2022',156),(156,'11/01/2023',219),(157,'08/04/2023',114),(158,'20/09/2022',127),(159,'05/03/2023',213),(160,'11/03/2023',107),(161,'04/05/2023',162),(162,'17/11/2022',87),(163,'23/09/2022',170),(164,'04/05/2023',41),(165,'26/04/2022',49),(166,'22/03/2023',82),(167,'25/03/2023',69),(168,'04/08/2022',220),(169,'27/07/2022',53),(170,'21/05/2022',209),(171,'18/02/2023',3),(172,'07/05/2022',102),(173,'07/03/2023',121),(174,'08/03/2023',27),(175,'25/01/2023',60),(176,'31/08/2022',129),(177,'04/08/2022',118),(178,'27/04/2022',97),(179,'24/03/2023',250),(180,'14/12/2022',161),(181,'24/09/2022',190),(182,'23/04/2023',242),(183,'09/04/2022',171),(184,'20/03/2023',80),(185,'20/08/2022',163),(186,'12/05/2022',184),(187,'29/04/2023',158),(188,'05/08/2022',14),(189,'20/09/2022',54),(190,'09/12/2022',135),(191,'17/10/2022',62),(192,'27/04/2022',55),(193,'25/08/2022',26),(194,'15/11/2022',66),(195,'03/09/2022',197),(196,'27/10/2022',59),(197,'15/04/2023',133),(198,'18/02/2023',176),(199,'20/08/2022',96),(200,'08/08/2022',158),(201,'26/07/2022',212),(202,'07/05/2023',49),(203,'16/02/2023',175),(204,'25/11/2022',153),(205,'04/12/2022',138),(206,'03/05/2023',231),(207,'02/01/2023',223),(208,'23/02/2023',28),(209,'22/02/2022',128),(210,'12/07/2022',12),(211,'17/12/2022',182),(212,'15/01/2023',40),(213,'23/02/2022',143);
/*!40000 ALTER TABLE `orders` ENABLE KEYS */;
UNLOCK TABLES;

--
-- Table structure for table `payments`
--

DROP TABLE IF EXISTS `payments`;
/*!40101 SET @saved_cs_client     = @@character_set_client */;
/*!50503 SET character_set_client = utf8mb4 */;
CREATE TABLE `payments` (
  `Payment_Method` varchar(100) DEFAULT NULL,
  `Payment_Amount` int DEFAULT NULL,
  `Payment_Date` varchar(100) DEFAULT NULL,
  `Delivery_ID` int DEFAULT NULL,
  KEY `Delivery_ID` (`Delivery_ID`),
  CONSTRAINT `payments_ibfk_1` FOREIGN KEY (`Delivery_ID`) REFERENCES `deliveries` (`Delivery_ID`)
) ENGINE=InnoDB DEFAULT CHARSET=utf8mb4 COLLATE=utf8mb4_0900_ai_ci;
/*!40101 SET character_set_client = @saved_cs_client */;

--
-- Dumping data for table `payments`
--

LOCK TABLES `payments` WRITE;
/*!40000 ALTER TABLE `payments` DISABLE KEYS */;
INSERT INTO `payments` VALUES ('UPI',31821,'18/07/2022',1),('PhonePe',95798,'11/05/2022',2),('N/A',73516,'31/08/2022',3),('PhonePe',63374,'07/02/2023',4),('Card',19665,'12/04/2022',5),('N/A',62910,'08/05/2022',6),('UPI',78740,'29/11/2022',7),('Card',67636,'10/10/2022',8),('PayTM',52839,'20/09/2022',9),('PhonePe',9467,'28/11/2022',10),('Net-Banking',68441,'28/06/2022',11),('N/A',38037,'27/07/2022',12),('PayTM',46914,'08/04/2022',13),('Cash',51395,'26/03/2022',14),('Cash',37936,'14/04/2022',15),('UPI',85749,'17/12/2022',16),('Cash',13444,'19/10/2022',17),('N/A',23936,'16/08/2022',18),('PayTM',2102,'19/10/2022',19),('Net-Banking',32730,'04/03/2022',20),('Card',84602,'16/03/2022',21),('N/A',93338,'09/09/2022',22),('Net-Banking',27228,'01/05/2022',23),('Cash',19701,'29/09/2022',24),('N/A',32214,'23/03/2022',25),('UPI',8688,'07/03/2022',26),('UPI',91031,'19/08/2022',27),('Cash',46543,'08/06/2022',28),('PayTM',49276,'05/01/2023',29),('Cash',81472,'23/03/2022',30),('N/A',52004,'13/09/2022',31),('Cash',86490,'13/08/2022',32),('N/A',34688,'13/03/2022',33),('Cash',94968,'03/07/2022',34),('PhonePe',16760,'19/11/2022',35),('PayTM',89516,'04/12/2022',36),('N/A',64282,'28/03/2022',37),('PayTM',48078,'11/06/2022',38),('Card',27560,'19/02/2022',39),('PayTM',46220,'19/01/2023',40),('Cash',93827,'18/08/2022',41),('N/A',60070,'09/02/2023',42),('PayTM',67916,'14/02/2022',43),('Card',1265,'04/06/2022',44),('Net-Banking',70447,'31/12/2022',45),('Card',17422,'06/04/2022',46),('PhonePe',20852,'21/03/2022',47),('UPI',59215,'24/08/2022',48),('PhonePe',60341,'22/03/2022',49),('PhonePe',70901,'13/10/2022',50),('PhonePe',91161,'25/06/2022',51),('UPI',2307,'29/12/2022',52),('PhonePe',34604,'07/10/2022',53),('N/A',54081,'12/11/2022',54),('N/A',44401,'26/03/2022',55),('N/A',83021,'11/11/2022',56),('N/A',12168,'18/09/2022',57),('Net-Banking',54446,'01/05/2022',58),('PayTM',91682,'04/09/2022',59),('Card',16143,'29/05/2022',60),('PhonePe',70201,'16/05/2022',61),('PayTM',19467,'30/10/2022',62),('PayTM',55090,'10/12/2022',63),('UPI',93805,'05/08/2022',64),('UPI',15603,'20/01/2023',65),('PhonePe',31819,'11/05/2022',66),('Card',3558,'03/05/2022',67),('UPI',73198,'02/10/2022',68),('Cash',44627,'11/04/2022',69),('PayTM',97037,'27/02/2022',70),('N/A',75756,'02/12/2022',71),('Cash',99497,'05/08/2022',72),('Cash',57940,'08/03/2022',73),('Cash',75573,'22/02/2022',74),('UPI',92378,'05/08/2022',75),('Cash',66965,'04/11/2022',76),('PayTM',4411,'04/02/2023',77),('N/A',7484,'14/09/2022',78),('PayTM',52195,'05/10/2022',79),('N/A',49859,'28/07/2022',80),('Card',72045,'23/02/2022',81),('Net-Banking',5262,'07/06/2022',82),('UPI',59681,'06/01/2023',83),('Net-Banking',44234,'14/05/2022',84),('Net-Banking',28346,'17/09/2022',85),('PhonePe',96694,'13/01/2023',86),('PayTM',42565,'24/08/2022',87),('Net-Banking',29143,'16/02/2022',88),('PhonePe',71350,'05/10/2022',89),('Card',51937,'05/06/2022',90),('PayTM',18165,'12/09/2022',91),('N/A',58830,'20/03/2022',92),('PhonePe',35280,'05/02/2023',93),('Card',29727,'07/11/2022',94),('PayTM',17655,'16/07/2022',95),('UPI',28055,'06/04/2022',96),('PayTM',63091,'21/11/2022',97),('Net-Banking',94511,'22/11/2022',98),('Card',6762,'27/02/2022',99),('PhonePe',20520,'18/05/2022',100),('Net-Banking',35969,'11/08/2022',101),('Cash',88581,'10/07/2022',102),('PhonePe',25910,'18/08/2022',103),('Cash',98639,'21/02/2022',104),('PayTM',3582,'29/11/2022',105),('PayTM',73661,'04/01/2023',106),('PhonePe',28720,'27/05/2022',107),('Card',61105,'07/06/2022',108),('Card',32157,'29/10/2022',109),('Cash',56489,'15/04/2022',110),('Card',93179,'15/03/2022',111),('PhonePe',57807,'06/12/2022',112),('Card',99774,'30/01/2023',113),('N/A',16704,'07/06/2022',114),('PhonePe',8605,'07/12/2022',115),('PayTM',20175,'26/01/2023',116),('Card',56208,'04/08/2022',117),('UPI',92325,'28/04/2022',118),('Cash',10652,'19/07/2022',119),('Net-Banking',37008,'07/02/2023',120),('UPI',21673,'22/05/2022',121),('Cash',96953,'12/08/2022',122),('N/A',7264,'10/08/2022',123),('PayTM',97488,'27/02/2022',124),('UPI',86183,'28/02/2022',125),('UPI',3154,'29/06/2022',126),('N/A',83702,'01/11/2022',127),('PayTM',34558,'22/11/2022',128),('N/A',99192,'12/06/2022',129),('Net-Banking',90571,'18/04/2022',130),('Card',12373,'26/08/2022',131),('PhonePe',36799,'19/05/2022',132),('PhonePe',40020,'30/10/2022',133),('UPI',3998,'28/04/2022',134),('PayTM',98172,'03/02/2023',135),('UPI',33873,'07/08/2022',136),('PayTM',11390,'08/07/2022',137),('PhonePe',22033,'03/01/2023',138),('PhonePe',41728,'09/04/2022',139),('PhonePe',11652,'17/01/2023',140),('Card',42886,'01/01/2023',141),('UPI',52897,'04/04/2022',142),('Net-Banking',19527,'01/04/2022',143),('UPI',25102,'14/04/2022',144),('UPI',68459,'02/08/2022',145),('UPI',9663,'20/07/2022',146),('PhonePe',2554,'13/11/2022',147),('Card',7746,'13/09/2022',148),('Card',77890,'17/10/2022',149),('UPI',55316,'27/06/2022',150),('UPI',47960,'27/12/2022',151),('Cash',9547,'26/09/2022',152),('Card',11545,'05/09/2022',153),('Card',86891,'07/01/2023',154),('Card',30808,'03/02/2023',155),('N/A',78181,'22/11/2022',156),('Card',57818,'08/12/2022',157),('Cash',70289,'25/03/2022',158),('UPI',6266,'27/10/2022',159),('Cash',54580,'02/07/2022',160),('Cash',19299,'22/10/2022',161),('Card',9454,'26/02/2022',162),('PayTM',98443,'21/11/2022',163),('UPI',76721,'01/09/2022',164),('N/A',97821,'14/09/2022',165),('Cash',12639,'16/11/2022',166),('PayTM',53095,'04/12/2022',167),('PhonePe',11631,'20/02/2022',168),('Cash',3396,'18/06/2022',169),('PayTM',72191,'09/10/2022',170),('Net-Banking',95992,'08/08/2022',171),('Card',34229,'20/12/2022',172),('PhonePe',2073,'14/11/2022',173),('Cash',2912,'22/10/2022',174),('Cash',49157,'11/09/2022',175),('UPI',23812,'14/12/2022',176),('PhonePe',50388,'12/09/2022',177),('PayTM',54999,'18/06/2022',178),('PhonePe',23677,'24/12/2022',179),('N/A',82498,'21/07/2022',180),('Card',28154,'16/03/2022',181),('N/A',68318,'27/12/2022',182),('PayTM',55454,'25/03/2022',183),('Net-Banking',75001,'04/03/2022',184),('N/A',33763,'16/08/2022',185),('N/A',4477,'18/11/2022',186),('UPI',34571,'23/04/2022',187),('UPI',17517,'03/11/2022',188),('Cash',10407,'04/09/2022',189),('UPI',84528,'27/07/2022',190),('UPI',71933,'16/02/2022',191),('PayTM',6886,'04/04/2022',192),('PhonePe',33145,'09/10/2022',193),('UPI',13669,'21/06/2022',194),('PhonePe',79645,'25/01/2023',195),('Card',37671,'10/09/2022',196),('UPI',82301,'01/09/2022',197),('UPI',7488,'28/01/2023',198),('Card',12040,'24/11/2022',199),('Cash',7183,'11/02/2022',200),('Net-Banking',18271,'02/06/2022',201),('Cash',64110,'09/01/2023',202),('Cash',9095,'17/06/2022',203),('Card',43627,'20/10/2022',204),('UPI',82611,'21/01/2023',205),('N/A',27457,'07/07/2022',206),('UPI',97569,'29/01/2023',207),('Card',60297,'19/04/2022',208),('PayTM',19820,'23/07/2022',209),('Cash',2733,'30/04/2022',210),('PhonePe',28290,'28/09/2022',211),('Card',41716,'09/07/2022',212),('N/A',7445,'16/09/2022',213);
/*!40000 ALTER TABLE `payments` ENABLE KEYS */;
UNLOCK TABLES;

--
-- Table structure for table `products`
--

DROP TABLE IF EXISTS `products`;
/*!40101 SET @saved_cs_client     = @@character_set_client */;
/*!50503 SET character_set_client = utf8mb4 */;
CREATE TABLE `products` (
  `Product_ID` int NOT NULL,
  `Product_Name` varchar(100) DEFAULT NULL,
  `Product_Price` int DEFAULT NULL,
  `Product_Size` int DEFAULT NULL,
  `Product_Stock` int DEFAULT NULL,
  `Category_ID` int DEFAULT NULL,
  `Store_ID` int DEFAULT NULL,
  PRIMARY KEY (`Product_ID`),
  KEY `Store_ID` (`Store_ID`),
  KEY `Category_ID` (`Category_ID`),
  CONSTRAINT `products_ibfk_2` FOREIGN KEY (`Store_ID`) REFERENCES `stores` (`Store_ID`)
) ENGINE=InnoDB DEFAULT CHARSET=utf8mb4 COLLATE=utf8mb4_0900_ai_ci;
/*!40101 SET character_set_client = @saved_cs_client */;

--
-- Dumping data for table `products`
--

LOCK TABLES `products` WRITE;
/*!40000 ALTER TABLE `products` DISABLE KEYS */;
INSERT INTO `products` VALUES (1,'Winkworth',59526,16,98796,5,20),(2,'Campkin',42899,20,82737,9,95),(3,'Folli',46165,10,70006,13,1),(4,'Darcey',46374,20,34663,1,77),(5,'Bertl',40618,5,55097,11,10),(6,'Chastan',4594,15,77516,12,87),(7,'Mccaull',39383,13,87768,1,13),(8,'Episcopi',35587,18,6149,8,103),(9,'Robiou',72193,2,85898,11,106),(10,'Coolson',82578,11,91300,9,111),(11,'Vince',63495,17,48601,7,39),(12,'Mynard',80259,5,60007,10,72),(13,'O\' Driscoll',17871,14,91951,8,114),(14,'Hencke',45492,14,33723,2,137),(15,'Sadlier',47471,15,74953,8,104),(16,'Sinnat',4465,13,88940,13,82),(17,'Murrill',95171,10,63881,8,69),(18,'Dmitr',96783,17,71483,9,75),(19,'MacShane',39410,11,44540,10,92),(20,'Maffy',67355,11,86924,6,91),(21,'McCurt',12658,15,13330,10,46),(22,'Southerell',99496,18,36896,10,123),(23,'Lent',54344,2,26594,13,40),(24,'Kenwell',32814,10,49435,12,33),(25,'Zambon',95295,3,79482,9,116),(26,'Davie',91060,4,23894,7,135),(27,'Paragreen',57369,5,52606,13,59),(28,'Bjorkan',54194,10,72456,2,15),(29,'De Beauchamp',3742,16,14536,4,27),(30,'Gladwell',88047,18,72362,9,107),(31,'Lambard',83511,16,9559,3,50),(32,'Klulik',51085,7,34335,8,100),(33,'MacKnockiter',63029,15,43978,9,21),(34,'Summerbell',87197,8,6193,6,78),(35,'McCleverty',61963,8,55765,6,94),(36,'Postles',92239,5,54039,6,121),(37,'Scorey',18453,17,91047,9,28),(38,'Pennrington',88709,1,31170,5,41),(39,'Ferryman',6979,11,28742,1,83),(40,'Keirl',91104,10,55578,2,81),(41,'Marnes',6125,11,23063,12,128),(42,'Voaden',78335,9,59532,13,6),(43,'Horribine',42402,2,58905,13,117),(44,'McIlwaine',54298,13,96376,5,99),(45,'Tulloch',23335,6,28062,3,66),(46,'Chitty',28164,12,37712,9,21),(47,'Phelipeaux',4792,12,18939,12,111),(48,'Surgey',23690,4,92643,7,135),(49,'Conew',2387,13,45827,2,75),(50,'Welsh',89795,4,97821,6,72),(51,'Drinkall',76529,10,60884,1,24),(52,'Tomeo',68873,8,82006,5,77),(53,'Calderhead',77898,8,62667,1,106),(54,'Hattam',35856,20,77836,13,39),(55,'Bouda',96216,15,16054,7,63),(56,'Arnaudot',49382,4,37356,2,33),(57,'Meedendorpe',59504,1,26762,9,72),(58,'Orring',3239,18,36154,7,135),(59,'Kullmann',23280,11,85954,6,68),(60,'Castro',86875,5,40495,12,119),(61,'Stivani',34494,9,96877,10,2),(62,'Caple',44487,18,50587,13,15),(63,'Sorrel',65369,14,90557,1,132),(64,'MacAiline',71733,2,39368,12,123),(65,'Otridge',47626,5,15164,6,127),(66,'Clements',81166,13,79083,5,3),(67,'Skipsea',12720,17,70163,8,15),(68,'Stuehmeyer',91241,11,79541,9,40),(69,'Simonetto',12450,12,88688,7,17),(70,'Learoyd',13488,3,23731,10,112),(71,'McVie',51390,9,67044,1,130),(72,'Coltart',27895,6,28564,4,119),(73,'Loughhead',78711,12,2049,5,55),(74,'Ashbee',31927,14,74739,10,22),(75,'Ungerecht',3165,3,85687,3,126),(76,'Phelipeau',37549,14,6126,5,6),(77,'Cana',48003,7,90237,9,79),(78,'Wolver',46500,20,25026,7,107),(79,'Matthewes',32103,3,22114,3,118),(80,'Seth',35445,20,39504,12,135),(81,'Jordanson',62657,13,84892,6,137),(82,'Wassung',27228,19,19471,8,25),(83,'Besse',72376,13,33650,13,52),(84,'Howes',51865,9,54870,12,107),(85,'Bullon',35999,20,27154,10,104),(86,'Quantrell',61518,9,52947,2,77),(87,'Halloran',27171,15,55639,11,28),(88,'Bentame',15992,3,14163,3,86),(89,'Lapenna',27994,1,71927,8,99),(90,'Lumsdall',18879,16,77480,8,135),(91,'MacMakin',71453,11,90668,3,134),(92,'Sedgefield',4948,2,98405,12,72),(93,'Iwanicki',22679,19,31792,13,107),(94,'Fipp',71328,18,55969,4,30),(95,'Gimlet',49164,10,5305,1,18),(96,'Howett',99990,3,19678,1,108),(97,'Coats',33796,6,7006,9,114),(98,'Finlason',46319,12,65379,2,80),(99,'Coultar',90956,16,18444,1,103),(100,'Harroway',23854,9,77906,3,108),(101,'Loveridge',5328,17,93869,8,142),(102,'Tax',84584,1,30138,11,61),(103,'Rugge',43519,6,98242,11,48),(104,'Lindley',5264,14,27034,7,119),(105,'Bouldon',70218,14,68972,8,115),(106,'Jeremaes',55160,20,57968,10,97),(107,'Woodroofe',34252,8,56998,1,70),(108,'Bailess',36702,18,91240,13,63),(109,'Yockley',35046,8,47921,9,101),(110,'Ehlerding',37478,5,53302,8,50),(111,'Popov',24994,9,60664,1,95),(112,'Simmons',87456,14,26258,3,55),(113,'MacGaughy',78732,1,46919,4,97),(114,'Pinchon',35381,16,16368,2,33),(115,'Galletly',46903,20,27189,13,70),(116,'Carcas',23074,4,40063,2,124),(117,'Monier',42002,17,65719,8,21),(118,'Fliege',20298,6,25490,6,16),(119,'Kaliszewski',19250,5,79220,6,105),(120,'Bottleson',85481,20,46281,7,93),(121,'Inglese',76829,16,32573,3,13),(122,'Wetter',95937,12,90323,10,75),(123,'Matschuk',3761,19,28778,12,59),(124,'Meeron',97317,11,9295,7,40),(125,'Sealeaf',4603,7,67186,9,143),(126,'Rany',43758,14,64497,3,106),(127,'Bendley',98614,17,40824,13,120),(128,'Ditzel',76187,17,51994,5,65),(129,'Boustred',55051,11,43476,9,6),(130,'Kilalea',30621,8,22422,3,61),(131,'Etienne',87965,11,67903,5,44),(132,'Lilian',96423,4,80531,2,102),(133,'Feld',30725,2,5336,5,59),(134,'Jeenes',64302,3,74722,11,32),(135,'Fearenside',52006,8,41696,3,43),(136,'Baldung',7876,3,92385,7,25),(137,'Izkovitz',3419,12,74634,4,99),(138,'McFarlane',59062,20,74263,12,38),(139,'Soulsby',5071,16,43587,7,112),(140,'Purshouse',40780,5,96090,13,147),(141,'Valentin',77664,8,49176,1,73),(142,'Westall',31420,7,33340,3,39),(143,'Siflet',19408,2,56857,10,147),(144,'Duddy',9826,18,31037,10,95),(145,'Kirkness',93817,14,99745,3,98),(146,'Wyon',83525,20,90868,5,109),(147,'Skingley',71805,10,4117,1,44),(148,'O\'Neill',8532,17,61175,11,56),(149,'Itzakovitz',14348,5,8713,2,25),(150,'Valois',40298,10,92544,3,124);
/*!40000 ALTER TABLE `products` ENABLE KEYS */;
UNLOCK TABLES;

--
-- Table structure for table `storeowners`
--

DROP TABLE IF EXISTS `storeowners`;
/*!40101 SET @saved_cs_client     = @@character_set_client */;
/*!50503 SET character_set_client = utf8mb4 */;
CREATE TABLE `storeowners` (
  `Owner_ID` int NOT NULL,
  `Owner_FirstName` varchar(100) DEFAULT NULL,
  `Owner_MiddleName` varchar(100) DEFAULT NULL,
  `Owner_LastName` varchar(100) DEFAULT NULL,
  `Owner_ContactNumber` varchar(100) DEFAULT NULL,
  PRIMARY KEY (`Owner_ID`)
) ENGINE=InnoDB DEFAULT CHARSET=utf8mb4 COLLATE=utf8mb4_0900_ai_ci;
/*!40101 SET character_set_client = @saved_cs_client */;

--
-- Dumping data for table `storeowners`
--

LOCK TABLES `storeowners` WRITE;
/*!40000 ALTER TABLE `storeowners` DISABLE KEYS */;
INSERT INTO `storeowners` VALUES (1,'Mlissandre','Vasyutochkin','Belchamp','915-193-5130'),(2,'Mghane','Mechell','Isacsson','127-188-0561'),(3,'Mlys','Earngy','Mistry','975-843-9917'),(4,'Jose','Lovell','McGill','192-369-6882'),(5,'Gisle','Couroy','Laurence','901-475-5077'),(6,'Marie-nol','O\'Daly','Lippingwell','992-183-3448'),(7,'Nalle','Hargerie','Carillo','406-536-3546'),(8,'Malle','Avieson','Stratford','480-613-8860'),(9,'Tn','McSherry','Gaggen','251-800-9871'),(10,'Publicit','Brenton','Jahnel','980-631-1261'),(11,'Cllia','Cough','Ferronel','543-231-7009'),(12,'Ela','Evequot','Blackett','707-446-6702'),(13,'Marie-nol','Sang','Derl','300-314-6434'),(14,'Mahlie','Boodle','MacDermand','953-121-0315'),(15,'Lorne','Haygreen','Shyram','372-830-3571'),(16,'Adlie','Stockill','Lathan','336-870-9929'),(17,'Nhmie','Filan','Chimes','271-671-4956'),(18,'Loca','Cutsforth','Gostall','135-773-3473'),(19,'Judical','Prescott','Yitzhok','935-333-4327'),(20,'Mrta','Hysom','Joscelin','229-877-9350'),(21,'Lone','Thamelt','Warboys','525-319-0609'),(22,'Dorothe','Harlick','Joscelin','139-169-8317'),(23,'sten','Carillo','Greensted','776-923-0275'),(24,'Ocanne','Dyball','Oen','973-293-3257'),(25,'Illustre','Loughton','Rockall','953-922-9101'),(26,'Danile','Brazer','Edward','366-591-4485'),(27,'Mn','Piggrem','Kensett','932-737-1491'),(28,'Malle','Castledine','Sambrook','135-254-3726'),(29,'ke','Letchmore','Leaburn','541-526-4890'),(30,'Ocane','Cherrington','Siveyer','317-616-0506'),(31,'Mlys','Terris','Dodle','453-928-7530'),(32,'sa','Drysdall','Chessel','332-536-2566'),(33,'Lucrce','Merrywether','Giorgielli','452-622-0816'),(34,'Sverine','Gredden','Ingray','111-658-0543'),(35,'Adlie','Josefer','Shakle','353-231-1111'),(36,'Fi','Bootton','Fenge','401-301-1618'),(37,'Vronique','Cristofalo','Niccols','420-343-9232'),(38,'Vnus','McIlreavy','MacDougall','243-148-5816'),(39,'Ocanne','Sommerville','Ozanne','709-924-8704'),(40,'J','Bourgourd','Adamou','179-614-7191'),(41,'Ocane','Gouldeby','Leghorn','838-430-9701'),(42,'K','Thunnercliffe','Lawlor','740-692-8260'),(43,'Rservs','O\'Driscoll','Ludy','686-873-8107'),(44,'Lala','Verni','Streeter','188-638-1679'),(45,'Ins','Dancey','O\'Lochan','849-627-9848'),(46,'Vrane','Jasiak','Ridsdole','973-462-3153'),(47,'W','Tolle','Shervil','971-972-3589'),(48,'Michle','Tenbrug','Wardle','450-221-0963'),(49,'Mlissandre','Pascall','Speedy','763-497-2627'),(50,'Mlodie','Greensted','Bande','464-940-5162'),(51,'Anas','Gocher','Hammelberg','537-154-5610'),(52,'Rservs','Gomersal','Bestwick','707-500-2221'),(53,'Nalle','Pawson','Edyson','943-169-9516'),(54,'Clmence','Critoph','Coase','244-856-2411'),(55,'Anal','Scotland','Hullin','622-603-3825'),(56,'Ocane','Nurse','Kamien','971-960-2196'),(57,'Illustre','Risbridger','Brenard','479-926-3541'),(58,'P','Marusyak','Caizley','667-452-8914'),(59,'Vrane','Pitblado','Jansson','126-856-9054'),(60,'Clmentine','Bogeys','Marjot','240-166-8689'),(61,'Erwi','Gindghill','Eakens','112-654-4358'),(62,'Camlia','Girardez','Vardie','804-722-3586'),(63,'Ccilia','Sheircliffe','Ferreres','964-169-9060'),(64,'Athna','Maidstone','Tallowin','692-598-5964'),(65,'Flicie','Silverston','Lippiello','791-485-8765'),(66,'Kallist','Gowan','Kloisner','146-384-9554'),(67,'Mdiamass','Killwick','Hutchin','400-511-1855'),(68,'Chlo','Stealey','Korn','573-739-4954'),(69,'T','Wragge','Skelly','745-125-6876'),(70,'Mghane','Burdytt','Extal','434-858-4577'),(71,'Clia','Palfrie','Fogt','784-517-6637'),(72,'Dafne','June','Dewhirst','633-234-6706'),(73,'Rgine','Harbisher','Treamayne','118-966-0927'),(74,'Aurlie','Laughrey','Darlasson','675-223-1747'),(75,'Anas','Von Brook','Diviny','652-587-4030'),(76,'Mthode','Hurich','Hallas','396-323-6831'),(77,'Marie-franoise','Gallally','Titherington','831-205-8074'),(78,'Maline','Livezley','Sunshine','783-516-6068'),(79,'Loc','Style','Keoghane','326-127-1721'),(80,'Solne','Grangier','Ledward','833-548-7691'),(81,'Agns','Polo','Manilow','681-338-6173'),(82,'Malys','MacAless','Ianetti','210-170-0171'),(83,'Ccile','De Mitris','Jaquet','346-190-6051'),(84,'Rene','Eskrick','Breckin','847-808-4527'),(85,'Mlina','Meriet','Toretta','804-374-0261'),(86,'Maly','Skelhorn','Colvine','406-691-8445'),(87,'Flicie','Capehorn','Dibdin','591-753-4422'),(88,'U','Gaisford','Pattingson','654-459-6505'),(89,'Vrane','Cayley','Druitt','187-875-8347'),(90,'Andra','Blockley','Mitcham','754-570-6312'),(91,'M','Ferrier','Loudon','676-616-3640'),(92,'Lala','Churly','Rosenschein','445-956-5811'),(93,'Clia','Matusiak','Scrivens','779-854-5755'),(94,'Hkan','Fetters','Barends','320-673-1987'),(95,'Mana','Issatt','Birch','987-904-4353'),(96,'Ru','Charette','Dumphry','434-443-6974'),(97,'Annote','Stokell','Rosindill','740-819-2980'),(98,'Malys','Bedome','MacNeilley','422-471-6151'),(99,'Erwi','Whelan','Klageman','322-697-9628'),(100,'Clopatre','Redan','Brazelton','518-834-2028'),(101,'Ins','Henricsson','Gernier','487-473-6404'),(102,'Lone','Clemence','Toward','969-474-3233'),(103,'Thrse','Burchett','Busain','559-580-4651'),(104,'Adlade','Sandyford','Haglinton','129-848-0555'),(105,'Vronique','Goodered','Heyward','622-461-1141'),(106,'Vrane','Heino','Sholl','457-195-5630'),(107,'Mylne','Luparto','Pucknell','286-247-6257'),(108,'Agns','Aizikovitch','Gealy','685-747-1936'),(109,'Rgine','Gillespey','Pennells','906-414-2179'),(110,'Bcassine','Crouse','Burree','332-725-6029'),(111,'Anglique','McIlveen','Timcke','714-516-8621'),(112,'Personnalise','Balmadier','Fryett','164-717-6437'),(113,'Ccile','Tullot','Paxman','895-688-0032'),(114,'Genevive','Pebworth','Fido','245-486-1445'),(115,'Cla','Edards','Rudinger','919-353-0303'),(116,'Mline','Kempster','Skitt','680-950-2567'),(117,'Mng','Gouge','Gainsburgh','445-505-2459'),(118,'Marie-hlne','Cisland','Kohler','533-722-7838'),(119,'Mlissandre','Snoxell','Grimwad','470-472-0687'),(120,'Hkan','Hartle','Glenfield','734-914-3180'),(121,'Malann','Tissiman','Christopherson','817-292-5100'),(122,'Ynora','Spencers','Copper','991-561-7311'),(123,'Illustre','Moro','Clinning','465-114-0483'),(124,'Genevive','Ortiger','Ching','783-325-3413'),(125,'Marlne','Lautie','Olley','442-271-1192'),(126,'Michle','Jagg','Lillgard','516-713-1306'),(127,'Edme','Hirtzmann','Allman','710-405-9686'),(128,'Josphine','Whyberd','Casement','882-222-8968'),(129,'Maly','MacNockater','Woodfin','157-510-1452'),(130,'Anglique','Sturt','St. Pierre','790-312-4361'),(131,'P','Pitts','Swanbourne','402-207-2670'),(132,'Brje','Hardwell','Mac Geaney','703-111-7045'),(133,'Lucrce','Carrane','Polo','483-857-2054'),(134,'Sverine','Metzing','Dell\'Abbate','224-356-2507'),(135,'Marie-hlne','Breen','Deadman','286-654-4658'),(136,'Solne','Oldred','Cherry','610-819-5316'),(137,'Lonie','Gilbody','Pinson','864-253-2212'),(138,'Mghane','Lindenberg','Nissle','178-626-1676'),(139,'Marylne','Danell','Catford','702-953-4098'),(140,'Slne','Leyton','Jentges','661-615-4658'),(141,'Bjrn','Klaussen','Sugarman','819-351-1732'),(142,'Nu','Reoch','Orsman','315-127-4572'),(143,'Bndicte','Snook','Turmall','279-636-4307'),(144,'Laurna','Germann','Garfath','534-564-5916'),(145,'Pnlope','Fish','Dubois','763-127-9561'),(146,'Lorne','Rydeard','Udden','340-891-8339');
/*!40000 ALTER TABLE `storeowners` ENABLE KEYS */;
UNLOCK TABLES;

--
-- Table structure for table `stores`
--

DROP TABLE IF EXISTS `stores`;
/*!40101 SET @saved_cs_client     = @@character_set_client */;
/*!50503 SET character_set_client = utf8mb4 */;
CREATE TABLE `stores` (
  `Store_ID` int NOT NULL,
  `Store_Name` varchar(100) DEFAULT NULL,
  `Store_Location` varchar(100) DEFAULT NULL,
  `Store_ContactNumber` varchar(100) DEFAULT NULL,
  `Owner_ID` int DEFAULT NULL,
  PRIMARY KEY (`Store_ID`),
  KEY `Owner_ID` (`Owner_ID`),
  CONSTRAINT `stores_ibfk_1` FOREIGN KEY (`Owner_ID`) REFERENCES `storeowners` (`Owner_ID`)
) ENGINE=InnoDB DEFAULT CHARSET=utf8mb4 COLLATE=utf8mb4_0900_ai_ci;
/*!40101 SET character_set_client = @saved_cs_client */;

--
-- Dumping data for table `stores`
--

LOCK TABLES `stores` WRITE;
/*!40000 ALTER TABLE `stores` DISABLE KEYS */;
INSERT INTO `stores` VALUES (1,'Conroy LLC','143 Aberg Circle','336-700-1151',78),(2,'Kutch-Hamill','3 Londonderry Crossing','230-824-9957',37),(3,'Hoppe, Kovacek and Harris','396 Mifflin Circle','543-967-6379',103),(4,'Heaney Inc','95668 Old Gate Avenue','453-392-2044',139),(5,'Schimmel-Stanton','1879 Karstens Circle','269-568-0146',83),(6,'Kunze-Hand','0254 Veith Parkway','423-660-9786',145),(7,'Kub, Kuphal and Willms','22374 Sage Pass','201-605-2138',49),(8,'Dietrich Inc','00 Mallory Plaza','944-262-6142',40),(9,'Ebert LLC','2 Fremont Crossing','741-599-4248',55),(10,'Yost, Bogan and Rogahn','24 Haas Alley','695-704-8662',96),(11,'Kris LLC','7231 Bunker Hill Street','747-798-4921',113),(12,'Rosenbaum, Klocko and Stroman','91 Scoville Alley','520-343-8287',37),(13,'Brekke, Lakin and Robel','05 Trailsway Pass','368-235-8552',18),(14,'Williamson Group','4474 Scofield Circle','430-498-1717',68),(15,'Bergnaum LLC','85 Sundown Court','322-827-9331',48),(16,'Schamberger Inc','604 Esch Terrace','483-350-1361',33),(17,'Leuschke, Dietrich and Schumm','21 Carpenter Hill','335-880-7515',83),(18,'Kemmer-Gibson','5 Claremont Drive','915-326-4718',72),(19,'Hand Group','4160 Roth Terrace','524-657-7665',15),(20,'Tremblay-Yundt','1 Morrow Hill','164-285-8324',99),(21,'Gorczany, Feeney and Parisian','29 Schurz Point','136-787-3736',78),(22,'D\'Amore, Kovacek and Harvey','5 Dayton Terrace','469-778-7209',16),(23,'Toy, Brown and Parker','95112 Schlimgen Center','738-508-4185',99),(24,'Emmerich, Mueller and Paucek','89 Coolidge Court','881-758-5487',129),(25,'Roberts-Windler','5 Main Trail','700-878-0069',100),(26,'Fisher-Johns','228 Sage Way','638-384-1249',103),(27,'Dibbert, Mertz and Wintheiser','497 Autumn Leaf Avenue','387-720-6083',127),(28,'Ruecker, Toy and Will','817 Merchant Junction','624-749-8261',12),(29,'Schneider Inc','64 Scoville Junction','505-101-8746',104),(30,'Boyer, Bartell and Kuvalis','3 Straubel Hill','260-749-5473',34),(31,'Franecki, Tremblay and Jenkins','8090 Utah Road','537-461-2382',70),(32,'Cummings, Hintz and Howe','05 Lien Park','782-507-7429',17),(33,'Hodkiewicz, Langosh and Walsh','870 Independence Terrace','672-993-5530',20),(34,'Orn and Sons','829 Farmco Point','717-846-7561',79),(35,'Bechtelar Inc','476 Rowland Point','224-488-4861',50),(36,'Hills Group','13 Sycamore Place','310-282-4427',117),(37,'Lueilwitz Group','0 Hagan Trail','108-593-8187',68),(38,'Franecki and Sons','7 Scofield Lane','436-637-1171',137),(39,'Sauer, Towne and Hoeger','434 Namekagon Junction','447-191-2265',110),(40,'Gutkowski-Toy','58 Luster Drive','409-196-4030',132),(41,'Legros, Larson and Simonis','7 Beilfuss Trail','236-885-5719',41),(42,'Baumbach-Beier','37 International Avenue','813-460-2619',30),(43,'Franecki, Hayes and Abbott','8 Schurz Pass','791-104-3565',137),(44,'Bednar Inc','1 Sloan Hill','491-378-2385',11),(45,'O\'Reilly, Rohan and Zieme','6409 Esker Plaza','149-493-7213',50),(46,'Willms Inc','5 Dayton Street','279-644-5970',119),(47,'Rau, Wiza and VonRueden','77 Kim Avenue','117-994-3864',101),(48,'Smith, Walker and Cruickshank','24 Shelley Parkway','913-686-5159',43),(49,'Hayes, Baumbach and Windler','512 Caliangt Hill','333-681-9709',11),(50,'Schuster Inc','992 Atwood Street','920-754-5463',96),(51,'Emard LLC','855 Twin Pines Pass','275-509-3098',70),(52,'Turner, Cole and Kuhn','9 Bayside Road','481-814-4199',32),(53,'Turner-D\'Amore','282 Birchwood Circle','692-156-4206',108),(54,'Bruen, Flatley and Fahey','5 Hagan Place','921-497-4124',59),(55,'Schaden and Sons','63722 Heath Plaza','612-729-7082',103),(56,'Koch, Wyman and Rohan','98 Debra Parkway','980-956-0945',12),(57,'Braun, Jacobson and Klocko','21 Judy Terrace','746-844-1115',71),(58,'Gleason LLC','6732 Waubesa Court','202-811-1830',55),(59,'Volkman Group','777 Harbort Street','635-249-5887',96),(60,'Reinger-Lowe','52507 Bobwhite Road','416-812-6305',85),(61,'Hammes, Satterfield and Kuhn','396 Mockingbird Parkway','784-439-4146',120),(62,'Raynor and Sons','4244 Monterey Alley','209-670-3957',91),(63,'Carroll-Champlin','56 Holy Cross Park','496-411-1445',102),(64,'Dickens, O\'Keefe and Franecki','54 Dexter Lane','670-514-1250',107),(65,'Kessler, Bosco and Will','6894 Vermont Place','148-292-3006',130),(66,'Rodriguez, Graham and Huels','376 Dennis Plaza','551-831-0051',140),(67,'Prosacco Inc','0 Forest Place','587-877-9277',76),(68,'O\'Kon, Smith and Gleason','8928 Menomonie Avenue','710-956-3583',14),(69,'Ratke LLC','9 Lawn Alley','769-661-6009',91),(70,'Russel, Nienow and Cartwright','3108 Eastlawn Street','833-673-1508',11),(71,'Medhurst Inc','98259 Erie Parkway','136-722-2126',77),(72,'Gottlieb-Bradtke','29496 Sachs Way','777-887-9280',114),(73,'Balistreri, Klein and Bogisich','0259 Chinook Alley','452-734-1222',135),(74,'Howe-Hills','27846 Moulton Lane','414-109-9029',77),(75,'Collins, Windler and Reilly','158 Independence Avenue','698-870-9394',37),(76,'Bechtelar-Shields','196 Cambridge Road','448-969-7311',109),(77,'Yost-Torp','091 Forster Point','890-585-3837',31),(78,'Rippin Inc','54 Clemons Pass','174-366-3353',56),(79,'Mante, Collins and Gislason','254 La Follette Street','281-424-0511',34),(80,'King, Schmeler and Hermann','21 Linden Place','108-208-2466',14),(81,'Hintz, Crist and Hoeger','4 Esch Avenue','195-146-1080',97),(82,'Satterfield-Hammes','82354 Boyd Way','734-188-5760',145),(83,'Marvin, Kertzmann and Gibson','60097 Mifflin Pass','660-838-4355',98),(84,'Koepp-Schimmel','774 Myrtle Terrace','115-292-4838',35),(85,'Schultz-Harvey','728 Anthes Drive','848-515-5145',118),(86,'Rohan-Lueilwitz','3 Brentwood Road','438-969-3419',121),(87,'Torp-Johnson','8398 Del Sol Parkway','922-803-8141',91),(88,'Rempel, Becker and Bahringer','73640 Oak Alley','173-433-8976',140),(89,'Deckow-O\'Keefe','7247 Heath Court','480-497-3710',115),(90,'Hansen, Kuphal and Bergnaum','9 Mccormick Park','795-871-2227',23),(91,'Schamberger and Sons','478 Grover Crossing','220-638-1235',45),(92,'MacGyver, Kshlerin and Jakubowski','5239 Goodland Crossing','639-522-0547',106),(93,'Gusikowski-Murphy','40615 Sherman Crossing','832-998-7932',110),(94,'Kovacek, Toy and Wisozk','2 Lillian Center','584-750-0288',124),(95,'Emard, Fahey and Mertz','17 Heath Alley','713-724-9780',6),(96,'Willms, Hilll and Kuhic','7193 Buell Alley','143-754-8734',86),(97,'Sauer, Hilll and Carter','4286 Ilene Drive','730-413-9137',5),(98,'Trantow-Casper','5 3rd Junction','515-187-0888',59),(99,'Bauch-Corwin','532 Hooker Center','949-874-0345',11),(100,'Hand, Fadel and Lueilwitz','33 Schmedeman Pass','587-711-1141',40),(101,'Rempel-Mueller','84873 Waxwing Court','497-170-5667',109),(102,'Price-Runte','231 Hanover Center','727-346-2262',127),(103,'Heidenreich-Zieme','697 Steensland Circle','258-667-1819',12),(104,'Crist Inc','139 Cardinal Street','871-953-4773',118),(105,'Sauer, Larkin and Willms','035 Nobel Lane','798-963-0676',35),(106,'Simonis-Gerhold','4815 Jana Court','680-250-0997',109),(107,'Corkery Group','57 Pepper Wood Road','929-735-3581',116),(108,'Hamill, Gutkowski and Strosin','21698 Caliangt Plaza','300-634-2700',80),(109,'Green, Gutkowski and Bradtke','438 Chive Point','873-886-4206',71),(110,'Braun, Smitham and Toy','6 Lyons Crossing','427-140-1028',35),(111,'Lakin-Gusikowski','2 Jay Place','265-585-8180',98),(112,'Lubowitz and Sons','9324 Cascade Street','870-988-8521',125),(113,'MacGyver, DuBuque and Leuschke','6240 Kenwood Circle','243-162-1296',80),(114,'Beatty Group','82 South Drive','565-254-8570',141),(115,'Donnelly, Terry and Huels','618 Riverside Junction','502-853-5842',22),(116,'Franecki-Rodriguez','207 Jenna Parkway','860-510-2164',29),(117,'Dooley, Beer and Ratke','27185 Ryan Point','126-345-9313',20),(118,'Kilback, Lemke and Roberts','852 South Park','457-357-0418',96),(119,'Anderson, Fadel and Champlin','6615 Columbus Alley','157-622-4412',4),(120,'Wilderman, Barton and Wyman','01 Mandrake Street','785-116-2852',115),(121,'Hills-Daugherty','55977 Hoepker Pass','437-978-1388',132),(122,'Turner, Luettgen and Buckridge','862 Buell Pass','308-739-2597',13),(123,'Pacocha Group','6 Bellgrove Point','397-632-4412',45),(124,'Gulgowski, Ebert and Dickens','9819 Blue Bill Park Pass','861-854-4786',17),(125,'Romaguera, McClure and Feest','2 Macpherson Crossing','681-204-7249',89),(126,'Kutch and Sons','82915 Village Green Park','701-935-6793',15),(127,'Langworth Inc','329 Merchant Pass','996-738-9709',75),(128,'Collins, Kshlerin and Marquardt','48 Loftsgordon Hill','161-417-0453',2),(129,'Friesen-Effertz','25893 Melody Trail','110-615-4593',4),(130,'Trantow-Willms','18 Bartelt Alley','975-629-4180',52),(131,'Kassulke Group','192 Paget Avenue','173-939-6314',26),(132,'Schmitt-Schuster','0 Hudson Lane','897-341-1136',68),(133,'Oberbrunner, Corkery and Dibbert','9530 Spaight Hill','744-664-7060',95),(134,'Roberts-Schowalter','6 2nd Circle','979-580-4256',145),(135,'Sipes-Nader','28 Anderson Hill','239-528-2719',133),(136,'Kertzmann-Boehm','027 Ridgeview Hill','710-502-6229',4),(137,'Shanahan-Ferry','456 Novick Center','624-608-5717',146),(138,'Beer, O\'Kon and Auer','3508 Heath Lane','471-123-1997',43),(139,'Glover-Emmerich','9082 Drewry Hill','436-319-9696',84),(140,'Ullrich, Ferry and Herzog','60010 Thompson Avenue','687-544-0606',20),(141,'Cronin-Toy','6 Nova Pass','205-881-7877',5),(142,'Kiehn, Beier and McDermott','365 Hoepker Park','930-627-8026',93),(143,'Runolfsdottir Inc','5529 Center Circle','433-371-2124',81),(144,'Green, Buckridge and Muller','33719 Atwood Avenue','383-921-8768',94),(145,'O\'Kon-Nolan','98874 Brentwood Junction','976-180-0121',114),(146,'Blanda and Sons','486 Sommers Terrace','592-636-3408',15),(147,'Koch-Schamberger','7842 Orin Avenue','623-128-9713',47);
/*!40000 ALTER TABLE `stores` ENABLE KEYS */;
UNLOCK TABLES;

--
-- Dumping routines for database 'sneakpeek'
--
/*!40103 SET TIME_ZONE=@OLD_TIME_ZONE */;

/*!40101 SET SQL_MODE=@OLD_SQL_MODE */;
/*!40014 SET FOREIGN_KEY_CHECKS=@OLD_FOREIGN_KEY_CHECKS */;
/*!40014 SET UNIQUE_CHECKS=@OLD_UNIQUE_CHECKS */;
/*!40101 SET CHARACTER_SET_CLIENT=@OLD_CHARACTER_SET_CLIENT */;
/*!40101 SET CHARACTER_SET_RESULTS=@OLD_CHARACTER_SET_RESULTS */;
/*!40101 SET COLLATION_CONNECTION=@OLD_COLLATION_CONNECTION */;
/*!40111 SET SQL_NOTES=@OLD_SQL_NOTES */;

-- Dump completed on 2023-02-10 23:30:44
